{"stats":{"minecraft:broken":{"minecraft:stone_shovel":2},"minecraft:mined":{"minecraft:stone_pressure_plate":1,"minecraft:white_bed":2,"minecraft:farmland":18,"minecraft:dandelion":3,"minecraft:crafting_table":6,"minecraft:short_grass":37,"minecraft:acacia_log":3,"minecraft:grass_block":180,"minecraft:dead_bush":4,"minecraft:tall_grass":6,"minecraft:cobblestone":5,"minecraft:composter":1,"minecraft:sugar_cane":73,"minecraft:oak_planks":11,"minecraft:sandstone":9,"minecraft:hay_block":114,"minecraft:cactus":1,"minecraft:wheat":2,"minecraft:azure_bluet":1,"minecraft:oak_log":30,"minecraft:coal_ore":4,"minecraft:sand":9,"minecraft:dirt":76,"minecraft:bamboo_sapling":1,"minecraft:bamboo":48,"minecraft:stone":36,"minecraft:oak_leaves":2},"minecraft:killed_by":{"minecraft:creeper":1,"minecraft:drowned":1},"minecraft:custom":{"minecraft:mob_kills":18,"minecraft:interact_with_crafting_table":10,"minecraft:leave_game":2,"minecraft:time_since_death":28226,"minecraft:sleep_in_bed":2,"minecraft:climb_one_cm":3005,"minecraft:time_since_rest":28404,"minecraft:sprint_one_cm":387476,"minecraft:damage_taken":1705,"minecraft:walk_one_cm":87714,"minecraft:drop":37,"minecraft:damage_dealt":2574,"minecraft:swim_one_cm":7889,"minecraft:player_kills":1,"minecraft:fly_one_cm":416619,"minecraft:open_chest":17,"minecraft:crouch_one_cm":2871,"minecraft:play_time":74351,"minecraft:deaths":2,"minecraft:sneak_time":788,"minecraft:walk_under_water_one_cm":696,"minecraft:jump":1787,"minecraft:walk_on_water_one_cm":9034,"minecraft:total_world_time":74351,"minecraft:fall_one_cm":42567,"minecraft:horse_one_cm":182548},"minecraft:used":{"minecraft:wheat_seeds":3,"minecraft:stone_sword":58,"minecraft:stone_shovel":271,"minecraft:stone_pickaxe":49,"minecraft:wooden_pickaxe":6,"minecraft:sandstone":10,"minecraft:sugar_cane":3,"minecraft:stone_hoe":116,"minecraft:torch":4,"minecraft:sand":2,"minecraft:dirt":11,"minecraft:crafting_table":7,"minecraft:white_bed":2,"minecraft:bread":38,"minecraft:bamboo":69,"minecraft:stone_axe":71,"minecraft:cobblestone":11,"minecraft:oak_sapling":1,"minecraft:egg":2,"minecraft:golden_axe":6},"minecraft:dropped":{"minecraft:sugar_cane":150,"minecraft:wheat_seeds":14,"minecraft:rotten_flesh":2,"minecraft:azure_bluet":3,"minecraft:dirt":294,"minecraft:arrow":2,"minecraft:wooden_pickaxe":2,"minecraft:sugar":3,"minecraft:string":1,"minecraft:white_wool":1,"minecraft:dandelion":1,"minecraft:bone":2},"minecraft:crafted":{"minecraft:sugar":2,"minecraft:oak_planks":8,"minecraft:stone_shovel":2,"minecraft:crafting_table":1,"minecraft:wooden_pickaxe":1,"minecraft:stone_axe":1,"minecraft:bread":63,"minecraft:stick":14,"minecraft:stone_pickaxe":1,"minecraft:stone_sword":1,"minecraft:white_bed":1,"minecraft:acacia_planks":12,"minecraft:stone_hoe":1,"minecraft:wheat":189},"minecraft:picked_up":{"minecraft:crafting_table":10,"minecraft:iron_chestplate":1,"minecraft:azure_bluet":3,"minecraft:jungle_log":18,"minecraft:leather":16,"minecraft:wooden_pickaxe":1,"minecraft:oak_log":40,"minecraft:yellow_bed":1,"minecraft:string":1,"minecraft:dirt":305,"minecraft:iron_leggings":1,"minecraft:bone":2,"minecraft:apple":16,"minecraft:wheat_seeds":17,"minecraft:stone_pickaxe":1,"minecraft:beef":24,"minecraft:iron_ingot":8,"minecraft:iron_pickaxe":1,"minecraft:bamboo":85,"minecraft:stone_hoe":1,"minecraft:sugar_cane":308,"minecraft:chest":1,"minecraft:oak_planks":13,"minecraft:iron_sword":1,"minecraft:iron_boots":1,"minecraft:egg":3,"minecraft:stick":9,"minecraft:sandstone":10,"minecraft:composter":1,"minecraft:dandelion":1,"minecraft:torch":4,"minecraft:acacia_log":3,"minecraft:porkchop":17,"minecraft:sand":9,"minecraft:golden_axe":1,"minecraft:white_bed":3,"minecraft:redstone":4,"minecraft:stone_pressure_plate":1,"minecraft:sugar":3,"minecraft:stone_sword":1,"minecraft:arrow":2,"minecraft:cactus":1,"minecraft:rotten_flesh":2,"minecraft:stone_axe":1,"minecraft:hay_block":217,"minecraft:emerald":3,"minecraft:golden_apple":2,"minecraft:gold_ingot":12,"minecraft:bread":12,"minecraft:obsidian":2,"minecraft:oak_sapling":1,"minecraft:mutton":10,"minecraft:coal":6,"minecraft:white_wool":4,"minecraft:cobblestone":61},"minecraft:killed":{"minecraft:pig":5,"minecraft:sheep":4,"minecraft:skeleton":2,"minecraft:zombie":2,"minecraft:cow":5}},"DataVersion":3953}