{"stats":{"minecraft:mined":{"minecraft:tuff":7,"minecraft:white_bed":3,"minecraft:deepslate_diamond_ore":4,"minecraft:cobblestone_stairs":3,"minecraft:granite":4,"minecraft:grass_block":31,"minecraft:smooth_stone":1,"minecraft:tall_seagrass":2,"minecraft:furnace":4,"minecraft:iron_ore":28,"minecraft:andesite":71,"minecraft:deepslate_lapis_ore":4,"minecraft:azure_bluet":1,"minecraft:water_cauldron":1,"minecraft:deepslate_iron_ore":46,"minecraft:stone":167,"minecraft:deepslate_redstone_ore":1,"minecraft:glass_pane":1,"minecraft:dandelion":1,"minecraft:crafting_table":4,"minecraft:torch":1,"minecraft:short_grass":235,"minecraft:melon":18,"minecraft:chest":2,"minecraft:tall_grass":30,"minecraft:copper_ore":4,"minecraft:cobblestone":32,"minecraft:lapis_ore":5,"minecraft:deepslate_gold_ore":3,"minecraft:oak_planks":4,"minecraft:wall_torch":2,"minecraft:seagrass":2,"minecraft:birch_log":9,"minecraft:birch_leaves":4,"minecraft:yellow_bed":2,"minecraft:oak_log":31,"minecraft:coal_ore":24,"minecraft:cocoa":1,"minecraft:dirt":36,"minecraft:oak_leaves":16,"minecraft:deepslate":40,"minecraft:fern":1},"minecraft:killed_by":{"minecraft:player":2,"minecraft:creeper":3,"minecraft:skeleton":2,"minecraft:zombie":4},"minecraft:custom":{"minecraft:mob_kills":37,"minecraft:interact_with_crafting_table":31,"minecraft:leave_game":5,"minecraft:time_since_death":15742,"minecraft:climb_one_cm":3957,"minecraft:sprint_one_cm":375458,"minecraft:walk_one_cm":517717,"minecraft:damage_blocked_by_shield":734,"minecraft:drop":12,"minecraft:talked_to_villager":1,"minecraft:play_time":165530,"minecraft:deaths":13,"minecraft:sneak_time":3173,"minecraft:walk_under_water_one_cm":38977,"minecraft:jump":3476,"minecraft:walk_on_water_one_cm":31188,"minecraft:total_world_time":165530,"minecraft:interact_with_furnace":37,"minecraft:sleep_in_bed":6,"minecraft:time_since_rest":15773,"minecraft:damage_taken":5196,"minecraft:damage_dealt":6469,"minecraft:swim_one_cm":19494,"minecraft:fly_one_cm":596540,"minecraft:open_chest":51,"minecraft:crouch_one_cm":6512,"minecraft:fall_one_cm":95576},"minecraft:used":{"minecraft:stone_sword":84,"minecraft:ladder":3,"minecraft:chest":4,"minecraft:shield":26,"minecraft:iron_sword":76,"minecraft:cooked_chicken":7,"minecraft:iron_chestplate":3,"minecraft:torch":3,"minecraft:dirt":57,"minecraft:tuff":1,"minecraft:granite":4,"minecraft:iron_boots":3,"minecraft:birch_trapdoor":2,"minecraft:golden_sword":20,"minecraft:furnace":4,"minecraft:cooked_beef":2,"minecraft:iron_leggings":3,"minecraft:wheat_seeds":10,"minecraft:cooked_mutton":4,"minecraft:water_bucket":24,"minecraft:cobblestone_stairs":3,"minecraft:birch_planks":24,"minecraft:stone_pickaxe":92,"minecraft:oak_planks":67,"minecraft:wooden_pickaxe":31,"minecraft:cauldron":1,"minecraft:crafting_table":6,"minecraft:white_bed":3,"minecraft:oak_log":3,"minecraft:wooden_hoe":10,"minecraft:apple":1,"minecraft:bread":10,"minecraft:melon_slice":17,"minecraft:iron_pickaxe":397,"minecraft:stone_axe":17,"minecraft:cobblestone":128,"minecraft:andesite":35,"minecraft:bucket":25,"minecraft:yellow_bed":2},"minecraft:crafted":{"minecraft:oak_planks":124,"minecraft:cooked_chicken":5,"minecraft:furnace":2,"minecraft:cooked_mutton":5,"minecraft:iron_boots":2,"minecraft:ladder":3,"minecraft:stone_pickaxe":2,"minecraft:chest":2,"minecraft:crafting_table":3,"minecraft:wooden_pickaxe":1,"minecraft:iron_helmet":1,"minecraft:iron_sword":2,"minecraft:bucket":4,"minecraft:birch_planks":36,"minecraft:stone_axe":1,"minecraft:wooden_hoe":1,"minecraft:iron_chestplate":2,"minecraft:stick":36,"minecraft:iron_ingot":44,"minecraft:iron_pickaxe":3,"minecraft:birch_trapdoor":2,"minecraft:stone_sword":1,"minecraft:iron_leggings":2,"minecraft:white_bed":1},"minecraft:dropped":{"minecraft:iron_sword":1,"minecraft:golden_axe":1,"minecraft:sugar":1,"minecraft:oak_planks":5,"minecraft:potato":1,"minecraft:golden_sword":1,"minecraft:wooden_pickaxe":1,"minecraft:stone_pickaxe":1},"minecraft:picked_up":{"minecraft:cocoa_beans":3,"minecraft:crafting_table":4,"minecraft:iron_chestplate":3,"minecraft:chicken":8,"minecraft:wooden_pickaxe":2,"minecraft:golden_sword":1,"minecraft:shield":3,"minecraft:string":10,"minecraft:raw_copper":33,"minecraft:iron_leggings":3,"minecraft:cobbled_deepslate":138,"minecraft:gold_nugget":6,"minecraft:smooth_stone":1,"minecraft:bucket":5,"minecraft:iron_pickaxe":9,"minecraft:light_gray_wool":1,"minecraft:melon_slice":716,"minecraft:chest":3,"minecraft:birch_sapling":3,"minecraft:egg":4,"minecraft:iron_boots":3,"minecraft:furnace":4,"minecraft:stick":8,"minecraft:raw_iron":167,"minecraft:torch":10,"minecraft:redstone":24,"minecraft:cauldron":1,"minecraft:arrow":59,"minecraft:stone_sword":5,"minecraft:cactus":1,"minecraft:rotten_flesh":25,"minecraft:tropical_fish":43,"minecraft:mutton":5,"minecraft:white_wool":3,"minecraft:cobblestone":232,"minecraft:birch_log":9,"minecraft:feather":10,"minecraft:cooked_beef":2,"minecraft:andesite":107,"minecraft:glow_ink_sac":6,"minecraft:water_bucket":1,"minecraft:jungle_log":18,"minecraft:potato":8,"minecraft:birch_planks":11,"minecraft:tuff":24,"minecraft:oak_log":34,"minecraft:yellow_bed":2,"minecraft:gunpowder":14,"minecraft:cobblestone_stairs":3,"minecraft:lapis_lazuli":114,"minecraft:dirt":105,"minecraft:cooked_mutton":12,"minecraft:bone":32,"minecraft:apple":23,"minecraft:bow":7,"minecraft:wheat_seeds":30,"minecraft:raw_gold":9,"minecraft:cooked_chicken":31,"minecraft:iron_ingot":65,"minecraft:bamboo":4,"minecraft:oak_planks":87,"minecraft:iron_sword":4,"minecraft:dandelion":4,"minecraft:white_bed":5,"minecraft:sugar":1,"minecraft:diamond":11,"minecraft:granite":6,"minecraft:bread":1,"minecraft:oak_sapling":5,"minecraft:coal":25},"minecraft:killed":{"minecraft:skeleton":8,"minecraft:chicken":5,"minecraft:drowned":1,"minecraft:zombie_villager":1,"minecraft:creeper":1,"minecraft:sheep":3,"minecraft:zombie":17}},"DataVersion":3953}