{"stats":{"minecraft:crafted":{"minecraft:oak_planks":28,"minecraft:crafting_table":1,"minecraft:stick":4,"minecraft:stone_pickaxe":1,"minecraft:wooden_pickaxe":1},"minecraft:mined":{"minecraft:short_grass":3,"minecraft:oak_log":7,"minecraft:dirt":2,"minecraft:tall_grass":8,"minecraft:stone":11,"minecraft:crafting_table":1},"minecraft:dropped":{"minecraft:golden_axe":1,"minecraft:wooden_pickaxe":1},"minecraft:custom":{"minecraft:open_chest":1,"minecraft:time_since_rest":3675,"minecraft:crouch_one_cm":125,"minecraft:deaths":1,"minecraft:play_time":6781,"minecraft:sprint_one_cm":14578,"minecraft:damage_taken":286,"minecraft:walk_one_cm":28376,"minecraft:sneak_time":13,"minecraft:drop":2,"minecraft:jump":170,"minecraft:damage_dealt":154,"minecraft:leave_game":1,"minecraft:time_since_death":3644,"minecraft:total_world_time":6781,"minecraft:interact_with_crafting_table":2,"minecraft:fall_one_cm":4540,"minecraft:fly_one_cm":22266},"minecraft:picked_up":{"minecraft:crafting_table":1,"minecraft:stick":2,"minecraft:wooden_pickaxe":1,"minecraft:wheat_seeds":3,"minecraft:oak_log":7,"minecraft:oak_planks":19,"minecraft:dirt":4,"minecraft:cobblestone":14},"minecraft:killed_by":{"minecraft:player":1},"minecraft:used":{"minecraft:golden_sword":1,"minecraft:crafting_table":1,"minecraft:stone_pickaxe":5,"minecraft:wooden_pickaxe":31}},"DataVersion":3953}