{"stats":{"minecraft:mined":{"minecraft:short_grass":2},"minecraft:killed_by":{"minecraft:zombie":2},"minecraft:custom":{"minecraft:jump":116,"minecraft:time_since_rest":17716,"minecraft:damage_dealt":20,"minecraft:leave_game":1,"minecraft:deaths":2,"minecraft:sprint_one_cm":17311,"minecraft:play_time":30354,"minecraft:damage_taken":492,"minecraft:time_since_death":13952,"minecraft:walk_one_cm":10263,"minecraft:total_world_time":30354,"minecraft:fall_one_cm":3135,"minecraft:fly_one_cm":21711}},"DataVersion":3953}