{"stats":{"minecraft:broken":{"minecraft:iron_shovel":1,"minecraft:stone_pickaxe":1,"minecraft:golden_axe":1,"minecraft:iron_axe":1,"minecraft:stone_axe":2,"minecraft:iron_pickaxe":1},"minecraft:mined":{"minecraft:tuff":7,"minecraft:white_bed":4,"minecraft:farmland":7,"minecraft:deepslate_diamond_ore":19,"minecraft:granite":2,"minecraft:acacia_log":5,"minecraft:grass_block":197,"minecraft:yellow_carpet":1,"minecraft:jungle_log":18,"minecraft:tall_seagrass":1,"minecraft:spore_blossom":1,"minecraft:raw_iron_block":1,"minecraft:furnace":2,"minecraft:carrots":8,"minecraft:iron_ore":41,"minecraft:fire":17,"minecraft:andesite":3,"minecraft:deepslate_lapis_ore":2,"minecraft:potatoes":41,"minecraft:deepslate_iron_ore":101,"minecraft:vine":4,"minecraft:dirt_path":30,"minecraft:stone":75,"minecraft:deepslate_redstone_ore":5,"minecraft:acacia_leaves":1,"minecraft:crafting_table":2,"minecraft:short_grass":378,"minecraft:tall_grass":33,"minecraft:cobblestone":5,"minecraft:deepslate_gold_ore":3,"minecraft:sugar_cane":126,"minecraft:mud":1,"minecraft:wheat":15,"minecraft:white_carpet":1,"minecraft:oak_log":20,"minecraft:coal_ore":96,"minecraft:gravel":2,"minecraft:sand":1,"minecraft:dirt":48,"minecraft:oak_leaves":7,"minecraft:deepslate":17,"minecraft:fern":3},"minecraft:used":{"minecraft:iron_shovel":281,"minecraft:flint_and_steel":11,"minecraft:tropical_fish":1,"minecraft:chest":2,"minecraft:shield":27,"minecraft:torch":109,"minecraft:dirt":306,"minecraft:tuff":6,"minecraft:iron_hoe":172,"minecraft:iron_axe":126,"minecraft:furnace":3,"minecraft:cooked_beef":10,"minecraft:potato":135,"minecraft:cobbled_deepslate":14,"minecraft:acacia_planks":8,"minecraft:golden_axe":18,"minecraft:iron_leggings":1,"minecraft:wheat_seeds":64,"minecraft:cooked_mutton":12,"minecraft:water_bucket":4,"minecraft:stone_pickaxe":122,"minecraft:wooden_pickaxe":21,"minecraft:sugar_cane":166,"minecraft:crafting_table":5,"minecraft:white_bed":5,"minecraft:bread":2,"minecraft:iron_pickaxe":251,"minecraft:stone_axe":208,"minecraft:cobblestone":61,"minecraft:cooked_porkchop":23,"minecraft:andesite":2,"minecraft:bucket":4,"minecraft:golden_pickaxe":25,"minecraft:bone_meal":76},"minecraft:custom":{"minecraft:mob_kills":149,"minecraft:interact_with_crafting_table":36,"minecraft:leave_game":5,"minecraft:time_since_death":96061,"minecraft:climb_one_cm":2471,"minecraft:sprint_one_cm":451990,"minecraft:walk_one_cm":342269,"minecraft:damage_blocked_by_shield":753,"minecraft:drop":41,"minecraft:talked_to_villager":3,"minecraft:play_time":168834,"minecraft:sneak_time":6653,"minecraft:deaths":1,"minecraft:walk_under_water_one_cm":22221,"minecraft:jump":5269,"minecraft:walk_on_water_one_cm":25714,"minecraft:total_world_time":168834,"minecraft:interact_with_furnace":90,"minecraft:interact_with_cartography_table":1,"minecraft:sleep_in_bed":3,"minecraft:time_since_rest":48029,"minecraft:damage_taken":3054,"minecraft:damage_dealt":23314,"minecraft:player_kills":1,"minecraft:swim_one_cm":3103,"minecraft:fly_one_cm":1199799,"minecraft:open_chest":41,"minecraft:crouch_one_cm":20444,"minecraft:fall_one_cm":152716},"minecraft:crafted":{"minecraft:oak_planks":56,"minecraft:cooked_chicken":3,"minecraft:furnace":2,"minecraft:bone_meal":81,"minecraft:cooked_mutton":22,"minecraft:iron_boots":1,"minecraft:iron_axe":1,"minecraft:iron_hoe":2,"minecraft:chest":2,"minecraft:cooked_beef":12,"minecraft:cooked_porkchop":40,"minecraft:crafting_table":4,"minecraft:iron_helmet":1,"minecraft:bucket":1,"minecraft:stone_axe":2,"minecraft:air":0,"minecraft:jungle_planks":36,"minecraft:iron_chestplate":1,"minecraft:shield":3,"minecraft:stick":56,"minecraft:iron_ingot":162,"minecraft:iron_pickaxe":2,"minecraft:iron_shovel":1,"minecraft:iron_leggings":1,"minecraft:white_bed":2,"minecraft:acacia_planks":20,"minecraft:torch":152},"minecraft:dropped":{"minecraft:iron_ingot":37,"minecraft:wheat_seeds":2,"minecraft:lapis_lazuli":64,"minecraft:cooked_beef":2,"minecraft:crafting_table":1,"minecraft:cobblestone":4,"minecraft:melon_slice":8,"minecraft:fire_charge":1,"minecraft:iron_leggings":1,"minecraft:bone_meal":1,"minecraft:mud":1,"minecraft:iron_pickaxe":2,"minecraft:string":2,"minecraft:white_wool":1,"minecraft:stone_axe":1,"minecraft:cooked_chicken":3,"minecraft:rotten_flesh":12,"minecraft:light_gray_wool":4,"minecraft:oak_planks":12,"minecraft:iron_boots":1,"minecraft:white_bed":3,"minecraft:flint_and_steel":2,"minecraft:shield":1,"minecraft:gunpowder":3,"minecraft:iron_chestplate":1,"minecraft:jungle_log":9,"minecraft:oak_sapling":1,"minecraft:wooden_pickaxe":1,"minecraft:egg":2},"minecraft:picked_up":{"minecraft:mud":1,"minecraft:crafting_table":2,"minecraft:iron_chestplate":2,"minecraft:wheat":1,"minecraft:chicken":8,"minecraft:wooden_pickaxe":1,"minecraft:string":13,"minecraft:iron_axe":1,"minecraft:flint_and_steel":2,"minecraft:iron_leggings":2,"minecraft:white_carpet":1,"minecraft:cobbled_deepslate":74,"minecraft:beef":12,"minecraft:iron_nugget":29,"minecraft:iron_pickaxe":5,"minecraft:light_gray_wool":6,"minecraft:melon_slice":67,"minecraft:sugar_cane":278,"minecraft:furnace":4,"minecraft:iron_boots":2,"minecraft:egg":3,"minecraft:raw_iron":230,"minecraft:torch":38,"minecraft:acacia_log":10,"minecraft:porkchop":40,"minecraft:golden_axe":1,"minecraft:carrot":12,"minecraft:diorite":4,"minecraft:redstone":42,"minecraft:rotten_flesh":56,"minecraft:arrow":61,"minecraft:tropical_fish":31,"minecraft:mutton":22,"minecraft:white_wool":17,"minecraft:cobblestone":96,"minecraft:feather":8,"minecraft:cooked_beef":3,"minecraft:andesite":3,"minecraft:water_bucket":2,"minecraft:jungle_log":36,"minecraft:leather":6,"minecraft:potato":139,"minecraft:tuff":12,"minecraft:oak_log":22,"minecraft:gunpowder":2,"minecraft:lapis_lazuli":103,"minecraft:dirt":562,"minecraft:cooked_mutton":22,"minecraft:bone":40,"minecraft:wheat_seeds":83,"minecraft:raw_gold":9,"minecraft:spore_blossom":1,"minecraft:stone_pickaxe":2,"minecraft:iron_ingot":27,"minecraft:cooked_chicken":1,"minecraft:oak_planks":17,"minecraft:cooked_porkchop":19,"minecraft:raw_iron_block":2,"minecraft:gravel":1,"minecraft:sand":1,"minecraft:white_bed":6,"minecraft:spider_eye":4,"minecraft:yellow_carpet":1,"minecraft:diamond":42,"minecraft:stone_axe":2,"minecraft:iron_helmet":1,"minecraft:granite":3,"minecraft:bone_meal":2,"minecraft:gray_wool":1,"minecraft:oak_sapling":1,"minecraft:coal":124},"minecraft:killed":{"minecraft:spider":16,"minecraft:skeleton":24,"minecraft:horse":2,"minecraft:chicken":8,"minecraft:pig":21,"minecraft:zombie_villager":2,"minecraft:creeper":3,"minecraft:sheep":15,"minecraft:zombie":43,"minecraft:cow":9}},"DataVersion":3953}