{"stats":{"minecraft:mined":{"minecraft:short_grass":32,"minecraft:coal_ore":2,"minecraft:fire":11,"minecraft:tall_grass":19,"minecraft:stone":8},"minecraft:dropped":{"minecraft:flint_and_steel":1},"minecraft:custom":{"minecraft:open_chest":2,"minecraft:time_since_rest":4543,"minecraft:play_time":4543,"minecraft:sprint_one_cm":19904,"minecraft:damage_taken":174,"minecraft:walk_one_cm":10374,"minecraft:mob_kills":2,"minecraft:drop":1,"minecraft:jump":175,"minecraft:damage_dealt":453,"minecraft:leave_game":1,"minecraft:time_since_death":4543,"minecraft:total_world_time":4543,"minecraft:fall_one_cm":5612,"minecraft:fly_one_cm":35029,"minecraft:player_kills":1},"minecraft:killed":{"minecraft:cow":2},"minecraft:picked_up":{"minecraft:flint_and_steel":1,"minecraft:leather":1,"minecraft:wheat_seeds":4,"minecraft:wooden_pickaxe":1,"minecraft:beef":2,"minecraft:golden_axe":1,"minecraft:coal":2,"minecraft:cobblestone":7},"minecraft:used":{"minecraft:cobblestone":2,"minecraft:flint_and_steel":11,"minecraft:wooden_pickaxe":16}},"DataVersion":3953}