{"stats":{"minecraft:crafted":{"minecraft:oak_planks":24,"minecraft:wooden_shovel":1,"minecraft:crafting_table":2,"minecraft:stick":4,"minecraft:wooden_pickaxe":1},"minecraft:used":{"minecraft:oak_planks":4,"minecraft:wooden_pickaxe":24,"minecraft:wooden_shovel":11,"minecraft:dirt":2,"minecraft:mutton":4,"minecraft:crafting_table":1},"minecraft:custom":{"minecraft:time_since_rest":1140,"minecraft:sprint_one_cm":52539,"minecraft:damage_taken":300,"minecraft:walk_one_cm":24966,"minecraft:mob_kills":8,"minecraft:drop":1,"minecraft:damage_dealt":728,"minecraft:interact_with_crafting_table":3,"minecraft:fly_one_cm":58399,"minecraft:crouch_one_cm":192,"minecraft:play_time":13870,"minecraft:deaths":1,"minecraft:sneak_time":30,"minecraft:jump":319,"minecraft:leave_game":5,"minecraft:time_since_death":1100,"minecraft:total_world_time":13870,"minecraft:fall_one_cm":11382},"minecraft:picked_up":{"minecraft:lilac":1,"minecraft:leather":4,"minecraft:oak_log":6,"minecraft:dirt":11,"minecraft:wheat_seeds":1,"minecraft:beef":7,"minecraft:gray_wool":1,"minecraft:oak_sapling":1,"minecraft:mutton":8,"minecraft:birch_sapling":1,"minecraft:oak_planks":3,"minecraft:white_wool":4},"minecraft:dropped":{"minecraft:dirt":1},"minecraft:killed":{"minecraft:sheep":5,"minecraft:cow":3},"minecraft:mined":{"minecraft:lilac":1,"minecraft:birch_leaves":2,"minecraft:short_grass":36,"minecraft:grass_block":9,"minecraft:oak_log":7,"minecraft:dirt":1,"minecraft:oak_planks":3,"minecraft:oak_leaves":9},"minecraft:killed_by":{"minecraft:spider":1}},"DataVersion":3953}