{"stats":{"minecraft:used":{"minecraft:stone_axe":11,"minecraft:wooden_axe":7,"minecraft:crafting_table":2,"minecraft:stone_pickaxe":6,"minecraft:wooden_pickaxe":5},"minecraft:picked_up":{"minecraft:wheat_seeds":11,"minecraft:dandelion":1,"minecraft:oak_log":19,"minecraft:cobblestone":11},"minecraft:crafted":{"minecraft:oak_planks":36,"minecraft:stone_axe":1,"minecraft:crafting_table":2,"minecraft:stick":8,"minecraft:wooden_pickaxe":1,"minecraft:stone_pickaxe":1,"minecraft:wooden_axe":1},"minecraft:mined":{"minecraft:short_grass":82,"minecraft:oak_log":19,"minecraft:tall_grass":28,"minecraft:stone":11,"minecraft:dandelion":1,"minecraft:oak_leaves":12},"minecraft:custom":{"minecraft:time_since_rest":5024,"minecraft:crouch_one_cm":131,"minecraft:sprint_one_cm":16091,"minecraft:play_time":5024,"minecraft:damage_taken":10,"minecraft:walk_one_cm":5149,"minecraft:sneak_time":45,"minecraft:jump":123,"minecraft:leave_game":2,"minecraft:time_since_death":5024,"minecraft:total_world_time":5024,"minecraft:interact_with_crafting_table":4,"minecraft:fall_one_cm":3973,"minecraft:fly_one_cm":31813}},"DataVersion":3953}