{"stats":{"minecraft:dropped":{"minecraft:dirt":1},"minecraft:used":{"minecraft:dirt":2,"minecraft:crafting_table":1,"minecraft:oak_planks":4,"minecraft:wooden_shovel":10},"minecraft:picked_up":{"minecraft:oak_log":6,"minecraft:birch_sapling":1,"minecraft:oak_planks":3,"minecraft:dirt":11},"minecraft:mined":{"minecraft:short_grass":17,"minecraft:grass_block":9,"minecraft:oak_log":6,"minecraft:dirt":1,"minecraft:birch_leaves":1,"minecraft:oak_planks":3,"minecraft:oak_leaves":2},"minecraft:custom":{"minecraft:time_since_rest":6754,"minecraft:play_time":6754,"minecraft:sprint_one_cm":24441,"minecraft:damage_taken":50,"minecraft:walk_one_cm":8178,"minecraft:sneak_time":1,"minecraft:drop":1,"minecraft:jump":134,"minecraft:leave_game":2,"minecraft:time_since_death":6754,"minecraft:total_world_time":6754,"minecraft:interact_with_crafting_table":3,"minecraft:fall_one_cm":5292,"minecraft:fly_one_cm":28315},"minecraft:crafted":{"minecraft:oak_planks":24,"minecraft:wooden_shovel":1,"minecraft:crafting_table":2,"minecraft:stick":4,"minecraft:wooden_pickaxe":1}},"DataVersion":3953}