{
  "minecraft:recipes/decorations/crafting_table": {
    "criteria": {
      "unlock_right_away": "2024-07-28 02:17:58 +0000"
    },
    "done": true
  },
  "minecraft:adventure/root": {
    "criteria": {
      "killed_by_something": "2024-07-28 02:27:07 +0000"
    },
    "done": true
  },
  "minecraft:adventure/adventuring_time": {
    "criteria": {
      "minecraft:beach": "2024-07-28 02:18:41 +0000",
      "minecraft:plains": "2024-07-28 02:17:59 +0000"
    },
    "done": false
  },
  "DataVersion": 3953
}